INSERT INTO pre_category_channel (cid, title, identifier, displayorder, url, status, postgid, managegid, listmode, imageinfo) VALUES(1, '房产', 'house', 0, '', 1, 'a:4:{i:1;s:1:"1";i:2;s:1:"1";i:3;s:1:"1";i:20;s:1:"1";}', 'a:1:{i:1;s:1:"1";}', 'text', 'a:9:{s:8:"imagelib";s:1:"0";s:11:"imageimpath";s:0:"";s:15:"watermarkstatus";s:1:"0";s:17:"watermarkminwidth";s:1:"0";s:18:"watermarkminheight";s:1:"0";s:13:"watermarktype";s:3:"gif";s:14:"watermarktrans";s:2:"65";s:16:"watermarkquality";s:2:"80";s:13:"watermarktext";a:12:{s:4:"text";s:0:"";s:8:"fontpath";s:21:"FetteSteinschrift.ttf";s:4:"size";i:0;s:5:"angle";i:0;s:5:"color";s:0:"";s:7:"shadowx";i:0;s:7:"shadowy";i:0;s:11:"shadowcolor";s:0:"";s:10:"translatex";s:0:"";s:10:"translatey";s:0:"";s:5:"skewx";s:0:"";s:5:"skewy";s:0:"";}}');

INSERT INTO pre_category_sort (sortid, cid, displayorder, name, description, icon, special, modelid, expiration, imgnum, perpage, template, stemplate, ptemplate, btemplate, threads, todaythreads, vtemplate, ntemplate, rtemplate, sttemplate) VALUES(1, 1, 0, '出租', '', '', 0, 0, 0, 5, 20, '<ul>\r\n<li class="li2">{H_rents}: <em class="num">[H_rentsvalue]</em> [H_rentsunit]</li>\r\n<li class="li2">{H_name}: [H_namevalue]</li>\r\n<li class="li2">{H_area}: [H_areavalue] [H_areaunit]</li>\r\n<li class="li2">{H_Type}: [H_Typevalue] [H_Typeunit] ( [H_decorationvalue] [H_decorationunit] )</li>\r\n<li class="li2">{H_floor_rent}: [H_floor_rentvalue] / [H_floor_totalvalue] [H_floor_totalunit]</li>\r\n<li class="li2">{H_room}: [H_roomvalue] [H_roomunit][H_hallvalue] [H_hallunit] / [H_toiletvalue] [H_toiletunit] / [H_balconyvalue] [H_balconyunit]</li>\r\n<li class="li2"> {H_toward}: [H_towardvalue] [H_towardunit]</li>\r\n<li class="li2">{H_payment_type}: [H_payment_typevalue] [H_payment_typeunit]</li>\r\n<li class="li2">{H_deposit}: [H_depositvalue]</li>\r\n<li class="li2">{H_shortest_lease}: [H_shortest_leasevalue] [H_shortest_leaseunit]</li>\r\n<li class="li2">{H_total_rent_type}: [H_total_rent_typevalue] [H_total_rent_typeunit]</li>\r\n<li class="li2">有效期至: {expiration}</li>\r\n<li class="li2">{H_in_date}: [H_in_datevalue] [H_in_dateunit]</li>\r\n<li class="li2">{H_owner_type}: [H_owner_typevalue] [H_owner_typeunit]</li>\r\n</ul>\r\n<div class="tel"><em>[Phonevalue]</em></div>\r\n<ul>\r\n<li>{contactor}: [contactorvalue]</li>\r\n<li>{H_bus_info}: [H_bus_infovalue] [H_bus_infounit]</li>\r\n<li>{H_Address}: [H_Addressvalue] [H_Addressunit]</li>\r\n<li>{H_equipment}: [H_equipmentvalue] [H_equipmentunit]</li>\r\n<li>{H_Additional}: [H_Additionalvalue] [H_Additionalunit]</li>\r\n</ul>', '<div class="atc">[url] {image}[/url]</div>\r\n<div class="c">\r\n	<div class="num"><span>[H_rentsvalue] [H_rentsunit]</span></div>\r\n	<h3>{subjecturl}{attach}{recommend}{displayorder}</h3>\r\n	<p>[H_namevalue]<sapn class="xg1"> , [H_Addressvalue]</span></p>\r\n	<p> [H_areavalue] [H_areaunit] , [H_roomvalue][H_roomunit][H_hallvalue][H_hallunit][H_toiletvalue][H_toiletunit] , {district} , [H_floor_rentvalue]/[H_floor_totalvalue] [H_floor_rentunit]</p>\r\n	<p class="xg1">{author} 于 {dateline}发布</p>\r\n</div>', '<div class="sinf">\r\n<dl>\r\n<dt><strong class="rq">[H_namerequired]</strong>{H_name}</dt><dd>[H_namevalue] [H_nameunit] [H_nametips] [H_namedescription]</dd>\r\n<dt><strong class="rq">[H_Typerequired]</strong>{H_Type}</dt><dd>[H_Typevalue] [H_Typeunit] [H_Typetips] [H_Typedescription]</dd>\r\n<dt><strong class="rq">[H_Addressrequired]</strong>{H_Address}</dt><dd>[H_Addressvalue] [H_Addressunit] [H_Addresstips] [H_Addressdescription]</dd>\r\n<dt><strong class="rq">[H_roomrequired]</strong>{H_room}</dt><dd>[H_roomvalue]<span class="fb">[H_roomunit]</span>[H_hallvalue]<span class="fb">[H_hallunit]</span>[H_toiletvalue]<span class="fb">[H_toiletunit]</span>[H_balconyvalue]<span>[H_balconyunit]</span></dd>\r\n<dt><strong class="rq">[H_towardrequired]</strong>{H_toward}</dt><dd>[H_towardvalue] [H_towardunit] [H_towardtips] [H_towarddescription]</dd>\r\n<dt><strong class="rq">[H_floor_rentrequired]</strong>{H_floor_rent}</dt><dd>[H_floor_rentvalue] <em>[H_floor_rentunit] / 共</em> [H_floor_totalvalue] [H_floor_totalunit]</dd>\r\n<dt><strong class="rq">[H_arearequired]</strong>{H_area}</dt><dd>[H_areavalue] [H_areaunit] [H_areatips] [H_areadescription]</dd>\r\n<dt><strong class="rq">[H_rentsrequired]</strong>{H_rents}</dt><dd>[H_rentsvalue] [H_rentsunit] [H_rentstips] [H_rentsdescription]</dd>\r\n<dt><strong class="rq">[H_payment_typerequired]</strong>{H_payment_type}</dt><dd>[H_payment_typevalue] [H_payment_typeunit] [H_payment_typetips] [H_payment_typedescription]</dd>\r\n<dt><strong class="rq">[H_depositrequired]</strong>{H_deposit}</dt><dd>[H_depositvalue] [H_depositunit] [H_deposittips] [H_depositdescription]</dd>\r\n<dt><strong class="rq">[H_total_rent_typerequired]</strong>{H_total_rent_type}</dt><dd>[H_total_rent_typevalue] [H_total_rent_typeunit] [H_total_rent_typetips] [H_total_rent_typedescription]</dd>\r\n</dl>\r\n</div>\r\n<div class="sadd">\r\n<dl>\r\n<dt><strong class="rq">[H_decorationrequired]</strong>{H_decoration}</dt><dd>[H_decorationvalue] [H_decorationunit] [H_decorationtips] [H_decorationdescription]</dd>\r\n<dt><strong class="rq">[H_shortest_leaserequired]</strong>{H_shortest_lease}</dt><dd>[H_shortest_leasevalue] [H_shortest_leaseunit] [H_shortest_leasetips] [H_shortest_leasedescription]</dd>\r\n<dt><strong class="rq">[H_owner_typerequired]</strong>{H_owner_type}</dt><dd>[H_owner_typevalue] [H_owner_typeunit] [H_owner_typetips] [H_owner_typedescription]</dd>\r\n<dt><strong class="rq">[H_bus_inforequired]</strong>{H_bus_info}</dt><dd>[H_bus_infovalue] [H_bus_infounit] [H_bus_infotips] [H_bus_infodescription]</dd>\r\n<dt><strong class="rq">[H_Additionalrequired]</strong>{H_Additional}</dt><dd>[H_Additionalvalue] [H_Additionalunit]</dd>\r\n<dt><strong class="rq">[contactorrequired]</strong>{contactor}</dt><dd>[contactorvalue] [contactorunit] [contactortips] [contactordescription]</dd>\r\n<dt><strong class="rq">[Phonerequired]</strong>{Phone}</dt><dd>[Phonevalue] [Phoneunit] [Phonetips] [Phonedescription]</dd>\r\n<dt><strong class="rq">[H_in_daterequired]</strong>{H_in_date}</dt><dd>[H_in_datevalue] [H_in_dateunit] [H_in_datetips] [H_in_datedescription]</dd>\r\n<dt><strong class="rq">[H_equipmentrequired]</strong>{H_equipment}</dt><dd>[H_equipmentvalue] [H_equipmentunit]</dd>\r\n</dl>\r\n</div>', 'a:5:{s:6:"style1";s:277:"<table width=\\"100%\\" cellspacing=\\"0\\" cellpadding=\\"0\\" class=\\"b_hstab\\">\r\n[loop]\r\n<tr>\r\n	<td>{subjecturl}</td>\r\n	<td>[url][H_namevalue][/url]</td>\r\n	<td>[H_roomvalue] [H_roomunit]/[H_areavalue]<sup>2</sup></td>\r\n	<td>[H_rentsvalue] [H_rentsunit]</td>\r\n</tr>\r\n[/loop]\r\n</table>";s:6:"style2";s:264:"<ul class=\\"ml mlm mtm cl\\">\r\n[loop]\r\n<li>\r\n	[url]{image}[/url]\r\n	<p class=\\"mtn\\">{district} - [url][H_namevalue][/url]</p>\r\n	<p>[H_roomvalue] [H_roomunit] , [H_areavalue] <sup>2</sup></p>\r\n	<p class=\\"xi1\\">[H_rentsvalue] [H_rentsunit]</p>\r\n</li>\r\n[/loop]\r\n</ul>";s:6:"style3";s:116:"<ul class=\\"ml mlm cl\\">\r\n[loop]\r\n<li>\r\n	[url]{image}[/url]\r\n	<p>[url][H_namevalue][/url]</p>\r\n</li>\r\n[/loop]\r\n</ul>";s:6:"style4";s:0:"";s:6:"style5";s:0:"";}', 0, 0, '<li>\r\n<em class="xi1">[H_rentsvalue][H_rentsunit]</em>\r\n[url][H_namevalue][H_nameunit], [H_areavalue][H_areaunit] [/url]\r\n</li>', '<dl class="cl">\r\n<dd class="m">[url]{image}[/url]</a></dd>\r\n<dt>[url][H_namevalue][H_nameunit], [H_areavalue][H_areaunit][/url]</a></dt>\r\n<dd>\r\n<p>[H_roomvalue][H_roomunit][H_hallvalue] [H_hallunit] , [H_areavalue][H_areaunit] - <em class="xi1">[H_rentsvalue] [H_rentsunit]</em></p>\r\n</dd>\r\n</dl>', '<li>\r\n[url]{image}[/url]</a>\r\n<p>{district} - [url][H_namevalue][H_nameunit][/url]</p>\r\n<p>[H_roomvalue][H_roomunit][H_hallvalue] [H_hallunit] , [H_areavalue][H_areaunit]</p>\r\n<p class="xi1">[H_rentsvalue] [H_rentsunit]</p>\r\n</li>', '<span class="lprice">[H_rentsvalue] [H_rentsunit]</span>\r\n<span class="lroom"> [H_roomvalue][H_roomunit][H_hallvalue][H_hallunit][H_toiletvalue][H_toiletunit]</span>\r\n<span class="ltitle">[url][H_namevalue]<em class="i">|</em>{subject}[/url]{attach}{recommend}{displayorder}{expiration}</span>\r\n<span class="ldate">{dateline}</span>');
INSERT INTO pre_category_sort (sortid, cid, displayorder, name, description, icon, special, modelid, expiration, imgnum, perpage, template, stemplate, ptemplate, btemplate, threads, todaythreads, vtemplate, ntemplate, rtemplate, sttemplate) VALUES(2, 1, 0, '出售', '', '', 0, 0, 0, 5, 20, '<ul>\r\n<li class="li2">{H_total_price}: <em class="num">[H_total_pricevalue]</em> [H_total_priceunit]</li>\r\n<li class="li2">{H_name}: [H_namevalue]</li>\r\n<li class="li2">{H_Type}: [H_Typevalue] [H_Typeunit]</li>\r\n<li class="li2">{H_decoration}: [H_decorationvalue] [H_decorationunit]</li>\r\n<li class="li2">{H_building_year}: [H_building_yearvalue] [H_building_yearunit]</li>			\r\n<li class="li2">{H_floor_rent}: [H_floor_rentvalue] / [H_floor_totalvalue] [H_floor_totalunit]</li>\r\n<li class="li2">{H_room}: [H_roomvalue] [H_roomunit][H_hallvalue] [H_hallunit]	[H_toiletvalue] [H_toiletunit]	[H_balconyvalue] [H_balconyunit]</li>\r\n<li class="li2">{H_toward}: [H_towardvalue] [H_towardunit]</li>	\r\n<li class="li2">{H_area}: [H_areavalue] [H_areaunit] </li>\r\n<li class="li2">{H_use_area}: [H_use_areavalue] [H_use_areaunit] </li>\r\n<li class="li2">{H_room_type}: [H_room_typevalue] [H_room_typeunit]</li>\r\n<li class="li2">{H_owner_type_1}: [H_owner_type_1value] [H_owner_type_1unit]</li>\r\n<li class="li2">{H_Frame}: [H_Framevalue] [H_Frameunit]</li>\r\n<li class="li2">{H_price_condition}: [H_price_conditionvalue] [H_price_conditionunit]</li>\r\n<li class="li2">{H_in_date}: [H_in_datevalue] [H_in_dateunit]</li>\r\n<li class="li2">{H_owner_type}: [H_owner_typevalue] [H_owner_typeunit]</li>\r\n<li class="li2">{contactor}: [contactorvalue]</li>\r\n</ul>\r\n<div class="tel"><em>[Phonevalue]</em></div>\r\n<ul>\r\n<li>{H_Address}: [H_Addressvalue] [H_Addressunit]</li>\r\n<li>{H_bus_info}: [H_bus_infovalue] [H_bus_infounit]</li>\r\n<li>{H_feature}: [H_featurevalue] [H_featureunit]</li>\r\n<li>{H_equipment}: [H_equipmentvalue] [H_equipmentunit]</li>\r\n<li>{H_Additional}: [H_Additionalvalue] [H_Additionalunit]</li>\r\n</ul>', '<div class="atc">[url] {image}[/url]</div>\r\n<div class="c">\r\n	<div class="num"><span>[H_total_pricevalue] [H_total_priceunit]</span></div>\r\n	<h3>{subjecturl}{attach}{recommend}{displayorder}</h3>\r\n	<p>[H_namevalue]<sapn class="xg1"> , [H_Addressvalue]</span></p>\r\n	<p> [H_areavalue] [H_areaunit] , [H_roomvalue][H_roomunit][H_hallvalue][H_hallunit][H_toiletvalue][H_toiletunit] , {district}, [H_floor_rentvalue]/[H_floor_totalvalue] [H_floor_rentunit]</p>\r\n	<p class="xg1">{author} 于{dateline}发布</p>\r\n</div>', '<div class="sinf">\r\n<dl>\r\n<dt><strong class="rq">[H_namerequired]</strong>{H_name}</dt><dd>[H_namevalue] [H_nameunit] [H_nametips] [H_namedescription]</dd>\r\n<dt><strong class="rq">[H_Typerequired]</strong>{H_Type}</dt><dd>[H_Typevalue] [H_Typeunit] [H_Typetips] [H_Typedescription]</dd>\r\n<dt><strong class="rq">[H_Addressrequired]</strong>{H_Address}</dt><dd>[H_Addressvalue] [H_Addressunit] [H_Addresstips] [H_Addressdescription]</dd>\r\n<dt><strong class="rq">[H_roomrequired]</strong>{H_room}</dt><dd>[H_roomvalue]<span class="fb">[H_roomunit]</span>[H_hallvalue]<span class="fb">[H_hallunit]</span>[H_toiletvalue]<span class="fb">[H_toiletunit]</span>[H_balconyvalue]<span class="fb">[H_balconyunit]</span></dd>\r\n<dt><strong class="rq">[H_towardrequired]</strong>{H_toward}</dt><dd>[H_towardvalue] [H_towardunit] [H_towardtips] [H_towarddescription]</dd>\r\n<dt><strong class="rq">[H_floor_rentrequired]</strong>{H_floor_rent}</dt><dd>[H_floor_rentvalue]<em>[H_floor_rentunit] / 共</em> [H_floor_totalvalue] [H_floor_totalunit]</dd>\r\n<dt><strong class="rq">[H_use_arearequired]</strong>{H_use_area}</dt><dd>[H_use_areavalue] [H_use_areaunit] [H_use_areatips] [H_use_areadescription]</dd>\r\n<dt><strong class="rq">[H_arearequired]</strong>{H_area}</dt><dd>[H_areavalue] [H_areaunit] [H_areatips] [H_areadescription]</dd>\r\n<dt><strong class="rq">[H_owner_typerequired]</strong>{H_owner_type}</dt><dd>[H_owner_typevalue] [H_owner_typeunit] [H_owner_typetips] [H_owner_typedescription]</dd>\r\n<dt><strong class="rq">[H_decorationrequired]</strong>{H_decoration}</dt><dd>[H_decorationvalue] [H_decorationunit]</dd>\r\n<dt><strong class="rq">[H_bus_inforequired]</strong>{H_bus_info}</dt><dd>[H_bus_infovalue] [H_bus_infounit]</dd>\r\n<dt><strong class="rq">[H_room_typerequired]</strong>{H_room_type}</dt><dd>[H_room_typevalue] [H_room_typeunit]</dd>\r\n<dt><strong class="rq">[H_building_yearrequired]</strong>{H_building_year}</dt><dd>[H_building_yearvalue] [H_building_yearunit]</dd>\r\n<dt><strong class="rq">[H_owner_type_1required]</strong>{H_owner_type_1}</dt><dd>[H_owner_type_1value] [H_owner_type_1unit]</dd>\r\n</dl>\r\n</div>\r\n<div class="sadd">\r\n<dl>\r\n<dt><strong class="rq">[H_total_pricerequired]</strong>{H_total_price}</dt><dd>[H_total_pricevalue] [H_total_priceunit][H_total_pricetips]</dd>\r\n<dt><strong class="rq">[H_price_conditionrequired]</strong>{H_price_condition}</dt><dd>[H_price_conditionvalue] [H_price_conditionunit]</dd>\r\n<dt><strong class="rq">[H_Framerequired]</strong>{H_Frame}</dt><dd>[H_Framevalue] [H_Frameunit]</dd>\r\n<dt><strong class="rq">[H_in_daterequired]</strong>{H_in_date}</dt><dd>[H_in_datevalue] [H_in_dateunit]</dd>\r\n<dt><strong class="rq">[H_equipmentrequired]</strong>{H_equipment}</dt><dd>[H_equipmentvalue] [H_equipmentunit]</dd>\r\n<dt><strong class="rq">[contactorrequired]</strong>{contactor}</dt><dd>[contactorvalue] [contactorunit]</dd>\r\n<dt><strong class="rq">[Phonerequired]</strong>{Phone}</dt><dd>[Phonevalue] [Phoneunit]</dd>\r\n<dt><strong class="rq">[H_featurerequired]</strong>{H_feature}</dt><dd>[H_featurevalue] [H_featureunit]</dd>\r\n<dt><strong class="rq">[H_Additionalrequired]</strong>{H_Additional}</dt><dd>[H_Additionalvalue] [H_Additionalunit]</dd>\r\n</dl>\r\n</div>', 'a:5:{s:6:"style1";s:290:"<table width=\\"100%\\" cellspacing=\\"0\\" cellpadding=\\"0\\" class=\\"b_hstab\\">\r\n[loop]\r\n<tr>\r\n	<td>{district}</td>\r\n	<td>[url][H_namevalue][/url]</td>\r\n	<td>[H_roomvalue] [H_roomunit]/[H_areavalue]<sup>2</sup></td>\r\n	<td>[H_total_pricevalue] [H_total_priceunit]</td>\r\n</tr>\r\n[/loop]\r\n</table>";s:6:"style2";s:276:"<ul class=\\"ml mlm mtm cl\\">\r\n[loop]\r\n<li>\r\n	[url]{image}[/url]\r\n	<p class=\\"mtn\\">{district} - [url][H_namevalue][/url]</p>\r\n	<p>[H_roomvalue] [H_roomunit] , [H_areavalue] <sup>2</sup></p>\r\n	<p class=\\"xi1\\">[H_total_pricevalue] [H_total_priceunit]</p>\r\n</li>\r\n[/loop]\r\n</ul>";s:6:"style3";s:116:"<ul class=\\"ml mlm cl\\">\r\n[loop]\r\n<li>\r\n	[url]{image}[/url]\r\n	<p>[url][H_namevalue][/url]</p>\r\n</li>\r\n[/loop]\r\n</ul>";s:6:"style4";s:0:"";s:6:"style5";s:0:"";}', 0, 0, '<li>\r\n<em class="xi1">[H_total_pricevalue][H_total_priceunit]</em>\r\n[url][H_namevalue][H_nameunit], [H_areavalue][H_areaunit] [/url]\r\n</li>', '<dl class="cl">\r\n<dd class="m">[url]{image}[/url]</a></dd>\r\n<dt>[url][H_namevalue][H_nameunit], [H_areavalue][H_areaunit][/url]</a></dt>\r\n<dd>\r\n<p>[H_roomvalue][H_roomunit][H_hallvalue] [H_hallunit] , [H_areavalue][H_areaunit] - <em class="xi1">[H_total_pricevalue][H_total_priceunit]</em></p>\r\n</dd>\r\n</dl>', '<li>\r\n[url]{image}[/url]</a>\r\n<p>{district} - [url][H_namevalue][H_nameunit][/url]</p>\r\n<p>[H_roomvalue][H_roomunit][H_hallvalue] [H_hallunit] , [H_areavalue][H_areaunit]</p>\r\n<p class="xi1">[H_total_pricevalue][H_total_priceunit]</p>\r\n</li>', '<span class="lprice">[H_total_pricevalue] [H_total_priceunit]</span>\r\n<span class="lroom">[H_roomvalue][H_roomunit][H_hallvalue][H_hallunit][H_toiletvalue][H_toiletunit]</span>\r\n<span class="ltitle">[url][H_namevalue]<em class="i">|</em>{subject}[/url]{attach}{recommend}{displayorder}{expiration}</span>\r\n<span class="ldate">{dateline}</span>');

INSERT INTO pre_category_sortoption (optionid, classid, displayorder, title, expiration, protect, description, identifier, type, unit, rules) VALUES(1, 0, 0, '通用类', 0, '0', '', '', '', '', '');
INSERT INTO pre_category_sortoption (optionid, classid, displayorder, title, expiration, protect, description, identifier, type, unit, rules) VALUES(2, 0, 0, '房产类', 0, '0', '', '', '', '', '');
INSERT INTO pre_category_sortoption (optionid, classid, displayorder, title, expiration, protect, description, identifier, type, unit, rules) VALUES(7, 2, 15, '来源', 0, '0', '', 'H_owner_type', 'select', '', 'a:2:{s:7:"choices";s:40:"1=房东\r\n2=免费中介\r\n3=收费中介";s:9:"inputsize";s:0:"";}');
INSERT INTO pre_category_sortoption (optionid, classid, displayorder, title, expiration, protect, description, identifier, type, unit, rules) VALUES(8, 2, 10, '总楼层', 0, '0', '', 'H_floor_total', 'number', '层', 'a:4:{s:6:"maxnum";s:0:"";s:6:"minnum";s:0:"";s:9:"inputsize";s:2:"30";s:12:"defaultvalue";s:1:"0";}');
INSERT INTO pre_category_sortoption (optionid, classid, displayorder, title, expiration, protect, description, identifier, type, unit, rules) VALUES(9, 2, 14, '押金要求', 0, '0', '', 'H_deposit', 'select', '', 'a:2:{s:7:"choices";s:69:"1=半月租金\r\n2=一月租金\r\n3=两月租金\r\n4=一季租金\r\n5=无";s:9:"inputsize";s:0:"";}');
INSERT INTO pre_category_sortoption (optionid, classid, displayorder, title, expiration, protect, description, identifier, type, unit, rules) VALUES(10, 2, 13, '付款要求', 0, '0', '', 'H_payment_type', 'select', '', 'a:2:{s:7:"choices";s:72:"1=一月一付\r\n2=一季一付\r\n3=半年一付\r\n4=一年一付\r\n5=面议";s:9:"inputsize";s:0:"";}');
INSERT INTO pre_category_sortoption (optionid, classid, displayorder, title, expiration, protect, description, identifier, type, unit, rules) VALUES(11, 2, 11, '面积', 0, 'a:2:{s:6:"status";s:1:"0";s:9:"usergroup";s:0:"";}', '', 'H_area', 'number', '平方米', 'a:4:{s:6:"maxnum";s:4:"9999";s:6:"minnum";s:1:"1";s:9:"inputsize";s:0:"";s:12:"defaultvalue";s:0:"";}');
INSERT INTO pre_category_sortoption (optionid, classid, displayorder, title, expiration, protect, description, identifier, type, unit, rules) VALUES(12, 2, 12, '租金', 0, '0', '', 'H_rents', 'range', '元/月', 'a:4:{s:6:"maxnum";s:6:"999999";s:6:"minnum";s:0:"";s:9:"inputsize";s:0:"";s:9:"searchtxt";s:30:"1000,1500,2000,3000,5000,10000";}');
INSERT INTO pre_category_sortoption (optionid, classid, displayorder, title, expiration, protect, description, identifier, type, unit, rules) VALUES(13, 2, 3, '地址', 0, '0', '', 'H_Address', 'text', '', 'a:3:{s:9:"maxlength";s:0:"";s:9:"inputsize";s:0:"";s:12:"defaultvalue";s:2:"无";}');
INSERT INTO pre_category_sortoption (optionid, classid, displayorder, title, expiration, protect, description, identifier, type, unit, rules) VALUES(14, 2, 1, '类型', 0, '0', '', 'H_Type', 'select', '', 'a:2:{s:7:"choices";s:61:"2=住宅\r\n3=别墅\r\n1=厂房\r\n4=写字楼\r\n5=商铺\r\n6=车库";s:9:"inputsize";s:0:"";}');
INSERT INTO pre_category_sortoption (optionid, classid, displayorder, title, expiration, protect, description, identifier, type, unit, rules) VALUES(15, 2, 2, '区域', 0, 'a:1:{s:9:"usergroup";s:0:"";}', '', 'H_Regional', 'radio', '', 'a:1:{s:7:"choices";s:0:"";}');
INSERT INTO pre_category_sortoption (optionid, classid, displayorder, title, expiration, protect, description, identifier, type, unit, rules) VALUES(16, 2, 9, '所在楼层', 0, '0', '', 'H_floor_rent', 'number', '层', 'a:4:{s:6:"maxnum";s:0:"";s:6:"minnum";s:0:"";s:9:"inputsize";s:2:"30";s:12:"defaultvalue";s:1:"0";}');
INSERT INTO pre_category_sortoption (optionid, classid, displayorder, title, expiration, protect, description, identifier, type, unit, rules) VALUES(17, 2, 6, '户型2', 0, '0', '', 'H_toilet', 'select', '卫', 'a:2:{s:7:"choices";s:28:"0=0\r\n1=1\r\n2=2\r\n3=3\r\n4=4\r\n5=5";s:9:"inputsize";s:2:"16";}');
INSERT INTO pre_category_sortoption (optionid, classid, displayorder, title, expiration, protect, description, identifier, type, unit, rules) VALUES(18, 2, 7, '户型3', 0, '0', '', 'H_balcony', 'select', '阳台', 'a:2:{s:7:"choices";s:28:"0=0\r\n1=1\r\n2=2\r\n3=3\r\n4=4\r\n5=5";s:9:"inputsize";s:2:"16";}');
INSERT INTO pre_category_sortoption (optionid, classid, displayorder, title, expiration, protect, description, identifier, type, unit, rules) VALUES(19, 2, 8, '朝向', 0, '0', '', 'H_toward', 'select', '', 'a:2:{s:7:"choices";s:88:"1=正南\r\n2=西南\r\n3=正东\r\n4=东南\r\n5=正北\r\n6=东北\r\n7=正西\r\n8=西北\r\n9=南北";s:9:"inputsize";s:0:"";}');
INSERT INTO pre_category_sortoption (optionid, classid, displayorder, title, expiration, protect, description, identifier, type, unit, rules) VALUES(20, 2, 4, '户型', 0, '0', '', 'H_room', 'select', '室', 'a:2:{s:7:"choices";s:28:"0=0\r\n1=1\r\n2=2\r\n3=3\r\n4=4\r\n5=5";s:9:"inputsize";s:2:"16";}');
INSERT INTO pre_category_sortoption (optionid, classid, displayorder, title, expiration, protect, description, identifier, type, unit, rules) VALUES(21, 2, 5, '户型1', 0, '0', '', 'H_hall', 'select', '厅', 'a:2:{s:7:"choices";s:28:"0=0\r\n1=1\r\n2=2\r\n3=3\r\n4=4\r\n5=5";s:9:"inputsize";s:2:"16";}');
INSERT INTO pre_category_sortoption (optionid, classid, displayorder, title, expiration, protect, description, identifier, type, unit, rules) VALUES(22, 1, 53, '电子邮件', 0, '0', '', 'Email', 'text', '', 'a:3:{s:9:"maxlength";s:0:"";s:9:"inputsize";s:0:"";s:12:"defaultvalue";s:1:"@";}');
INSERT INTO pre_category_sortoption (optionid, classid, displayorder, title, expiration, protect, description, identifier, type, unit, rules) VALUES(23, 1, 54, 'QQ', 0, '0', '', 'qq', 'text', '', '');
INSERT INTO pre_category_sortoption (optionid, classid, displayorder, title, expiration, protect, description, identifier, type, unit, rules) VALUES(24, 2, 34, '附加信息', 0, 'a:1:{s:9:"usergroup";s:0:"";}', '', 'H_Additional', 'checkbox', '', 'a:1:{s:7:"choices";s:46:"1=晚上十点后请勿打扰 \r\n2=中介勿扰";}');
INSERT INTO pre_category_sortoption (optionid, classid, displayorder, title, expiration, protect, description, identifier, type, unit, rules) VALUES(25, 2, 16, '出租方式', 0, '0', '', 'H_total_rent_type', 'select', '', 'a:2:{s:7:"choices";s:38:"1=整租\r\n2=转租\r\n3=合租\r\n4=床位";s:9:"inputsize";s:0:"";}');
INSERT INTO pre_category_sortoption (optionid, classid, displayorder, title, expiration, protect, description, identifier, type, unit, rules) VALUES(26, 2, 17, '过期时间', 0, '0', '', 'H_valid_period', 'radio', '', 'a:1:{s:7:"choices";s:38:"1=1周\r\n2=2周\r\n3=1月\r\n4=2月\r\n5=3月";}');
INSERT INTO pre_category_sortoption (optionid, classid, displayorder, title, expiration, protect, description, identifier, type, unit, rules) VALUES(27, 2, 18, '可入住时间', 0, '0', '', 'H_in_date', 'calendar', '', '');
INSERT INTO pre_category_sortoption (optionid, classid, displayorder, title, expiration, protect, description, identifier, type, unit, rules) VALUES(28, 2, 19, '配套设施', 0, '0', '', 'H_equipment', 'checkbox', '', 'a:1:{s:7:"choices";s:189:"1=床\r\n2=水电\r\n3=宽带\r\n4=管道煤气\r\n5=有线电视\r\n6=电梯\r\n7=车位\r\n8=电话\r\n9=冰箱\r\n10=电视机\r\n11=洗衣机\r\n12=热水器\r\n13=空调\r\n14=微波炉\r\n15=油烟机\r\n16=家具";}');
INSERT INTO pre_category_sortoption (optionid, classid, displayorder, title, expiration, protect, description, identifier, type, unit, rules) VALUES(29, 2, 20, '上传图片', 0, '0', '', 'H_img', 'image', '', '');
INSERT INTO pre_category_sortoption (optionid, classid, displayorder, title, expiration, protect, description, identifier, type, unit, rules) VALUES(30, 2, 21, '装修', 0, '0', '', 'H_decoration', 'select', '', 'a:2:{s:7:"choices";s:56:"1=毛坯\r\n2=简易装修\r\n3=中档装修\r\n4=高档装修";s:9:"inputsize";s:0:"";}');
INSERT INTO pre_category_sortoption (optionid, classid, displayorder, title, expiration, protect, description, identifier, type, unit, rules) VALUES(31, 2, 22, '最短租期', 0, '0', '', 'H_shortest_lease', 'select', '', 'a:2:{s:7:"choices";s:46:"1=一年\r\n2=半年\r\n3=一季\r\n4=一月\r\n5=7天";s:9:"inputsize";s:0:"";}');
INSERT INTO pre_category_sortoption (optionid, classid, displayorder, title, expiration, protect, description, identifier, type, unit, rules) VALUES(32, 2, 23, '交通线路', 0, '0', '', 'H_bus_info', 'text', '', 'a:3:{s:9:"maxlength";s:0:"";s:9:"inputsize";s:0:"";s:12:"defaultvalue";s:4:"暂无";}');
INSERT INTO pre_category_sortoption (optionid, classid, displayorder, title, expiration, protect, description, identifier, type, unit, rules) VALUES(33, 1, 50, '联系人', 0, 'a:3:{s:6:"status";s:1:"0";s:4:"mode";s:1:"2";s:9:"usergroup";s:0:"";}', '', 'contactor', 'text', '', 'a:3:{s:9:"maxlength";s:0:"";s:9:"inputsize";s:0:"";s:12:"defaultvalue";s:0:"";}');
INSERT INTO pre_category_sortoption (optionid, classid, displayorder, title, expiration, protect, description, identifier, type, unit, rules) VALUES(34, 1, 51, '性别', 0, '0', '', 'gender', 'select', '', 'a:2:{s:7:"choices";s:18:"1=先生\r\n2=女士";s:9:"inputsize";s:0:"";}');
INSERT INTO pre_category_sortoption (optionid, classid, displayorder, title, expiration, protect, description, identifier, type, unit, rules) VALUES(35, 1, 52, '电话', 1, 'a:3:{s:6:"status";s:1:"1";s:4:"mode";s:1:"2";s:9:"usergroup";s:32:"1	2	3	12	13	14	15	16	17	18	19	20";}', '', 'Phone', 'text', '', 'a:3:{s:9:"maxlength";s:0:"";s:9:"inputsize";s:0:"";s:12:"defaultvalue";s:2:"无";}');
INSERT INTO pre_category_sortoption (optionid, classid, displayorder, title, expiration, protect, description, identifier, type, unit, rules) VALUES(36, 2, 24, '地段补充', 0, '0', '', 'H_location', 'text', '', '');
INSERT INTO pre_category_sortoption (optionid, classid, displayorder, title, expiration, protect, description, identifier, type, unit, rules) VALUES(37, 2, 25, '楼型', 0, '0', '', 'H_room_type', 'select', '', 'a:1:{s:7:"choices";s:126:"1=多层\r\n2=小高层\r\n3=高层\r\n4=跃层\r\n5=独立别墅\r\n6=联排别墅\r\n7=双拼别墅\r\n8=叠加别墅\r\n9=平房\r\n10=其它";}');
INSERT INTO pre_category_sortoption (optionid, classid, displayorder, title, expiration, protect, description, identifier, type, unit, rules) VALUES(38, 2, 11, '使用面积', 0, '0', '', 'H_use_area', 'number', '平方米', 'a:2:{s:6:"maxnum";s:0:"";s:6:"minnum";s:0:"";}');
INSERT INTO pre_category_sortoption (optionid, classid, displayorder, title, expiration, protect, description, identifier, type, unit, rules) VALUES(39, 2, 26, '建筑年份', 0, '0', '', 'H_building_year', 'select', '', 'a:2:{s:7:"choices";s:268:"1=1985\r\n2=1986\r\n3=1987\r\n4=1988\r\n5=1989\r\n6=1990\r\n7=1991\r\n8=1992\r\n9=1993\r\n10=1994\r\n11=1995\r\n12=1996\r\n13=1997\r\n14=1998\r\n15=1999\r\n16=2000\r\n17=2001\r\n18=2002\r\n19=2003\r\n20=2004\r\n21=2005\r\n22=2006\r\n23=2007\r\n24=2008\r\n25=2009\r\n26=2010\r\n27=2011\r\n28=2012\r\n29=2013\r\n30=2014\r\n31=2015";s:9:"inputsize";s:0:"";}');
INSERT INTO pre_category_sortoption (optionid, classid, displayorder, title, expiration, protect, description, identifier, type, unit, rules) VALUES(40, 2, 27, '房屋产权', 0, '0', '', 'H_owner_type_1', 'select', '', 'a:1:{s:7:"choices";s:108:"1=商品房\r\n2=房改房\r\n3=期房\r\n4=使用权房\r\n5=集体土地房\r\n6=经济适用房\r\n7=公房\r\n8=私房";}');
INSERT INTO pre_category_sortoption (optionid, classid, displayorder, title, expiration, protect, description, identifier, type, unit, rules) VALUES(41, 2, 28, '出售售价', 0, '0', '', 'H_total_price', 'range', '万元', 'a:4:{s:6:"maxnum";s:4:"9999";s:6:"minnum";s:1:"1";s:9:"inputsize";s:0:"";s:9:"searchtxt";s:19:"50,100,200,500,1000";}');
INSERT INTO pre_category_sortoption (optionid, classid, displayorder, title, expiration, protect, description, identifier, type, unit, rules) VALUES(42, 2, 29, '价格条件', 0, '0', '', 'H_price_condition', 'select', '', 'a:1:{s:7:"choices";s:24:"1=净价\r\n2=各自付税";}');
INSERT INTO pre_category_sortoption (optionid, classid, displayorder, title, expiration, protect, description, identifier, type, unit, rules) VALUES(43, 2, 30, '价格描述', 0, '0', '', 'H_price_description', 'select', '', 'a:1:{s:7:"choices";s:43:"1=有双税\r\n2=无营业税\r\n3=有营业税";}');
INSERT INTO pre_category_sortoption (optionid, classid, displayorder, title, expiration, protect, description, identifier, type, unit, rules) VALUES(44, 2, 31, '结构', 0, '0', '', 'H_Frame', 'select', '', 'a:1:{s:7:"choices";s:58:"1=砖混\r\n2=砖木\r\n3=钢混\r\n4=框架\r\n5=框剪\r\n6=其他";}');
INSERT INTO pre_category_sortoption (optionid, classid, displayorder, title, expiration, protect, description, identifier, type, unit, rules) VALUES(45, 2, 32, '房源特点', 0, '0', '', 'H_feature', 'checkbox', '', 'a:1:{s:7:"choices";s:165:"1=次新社区\r\n2=名校周边\r\n3=配套齐全\r\n4=精装全配\r\n5=拎包入住\r\n6=家电齐全\r\n7=独立厨卫\r\n8=包物业费\r\n9=酒店式公寓\r\n10=离市中心近";}');
INSERT INTO pre_category_sortoption (optionid, classid, displayorder, title, expiration, protect, description, identifier, type, unit, rules) VALUES(46, 2, 33, '求购总价', 0, '0', '', 'H_total_price_1', 'number', '万元左右', 'a:2:{s:6:"maxnum";s:0:"";s:6:"minnum";s:0:"";}');
INSERT INTO pre_category_sortoption (optionid, classid, displayorder, title, expiration, protect, description, identifier, type, unit, rules) VALUES(3044, 2, 0, '均价', 0, 'a:2:{s:6:"status";s:1:"0";s:9:"usergroup";s:0:"";}', '', 'H_average_price', 'number', '万元', 'a:4:{s:6:"maxnum";s:0:"";s:6:"minnum";s:0:"";s:9:"inputsize";s:2:"55";s:12:"defaultvalue";s:0:"";}');
INSERT INTO pre_category_sortoption (optionid, classid, displayorder, title, expiration, protect, description, identifier, type, unit, rules) VALUES(3045, 2, 0, '小区名称', 0, 'a:3:{s:6:"status";s:1:"1";s:4:"mode";s:1:"3";s:9:"usergroup";s:48:"1	2	3	4	5	6	8	9	10	11	12	13	14	15	16	17	18	19	20";}', '', 'H_name', 'text', '', 'a:3:{s:9:"maxlength";s:0:"";s:9:"inputsize";s:3:"260";s:12:"defaultvalue";s:0:"";}');
INSERT INTO pre_category_sortoption (optionid, classid, displayorder, title, expiration, protect, description, identifier, type, unit, rules) VALUES(3046, 2, 0, '手机', 0, '0', '', 'H_mobile', 'number', '', '');


INSERT INTO pre_category_sortvar (sortid, optionid, available, required, unchangeable, search, displayorder, subjectshow, visitedshow, orderbyshow) VALUES(1, 17, 1, 0, 0, 0, 6, 1, 0, 0);
INSERT INTO pre_category_sortvar (sortid, optionid, available, required, unchangeable, search, displayorder, subjectshow, visitedshow, orderbyshow) VALUES(1, 21, 1, 1, 0, 0, 5, 1, 1, 0);
INSERT INTO pre_category_sortvar (sortid, optionid, available, required, unchangeable, search, displayorder, subjectshow, visitedshow, orderbyshow) VALUES(1, 20, 1, 1, 0, 0, 4, 1, 1, 0);
INSERT INTO pre_category_sortvar (sortid, optionid, available, required, unchangeable, search, displayorder, subjectshow, visitedshow, orderbyshow) VALUES(1, 13, 1, 1, 0, 0, 3, 1, 0, 0);
INSERT INTO pre_category_sortvar (sortid, optionid, available, required, unchangeable, search, displayorder, subjectshow, visitedshow, orderbyshow) VALUES(1, 14, 1, 0, 0, 0, 1, 0, 0, 0);
INSERT INTO pre_category_sortvar (sortid, optionid, available, required, unchangeable, search, displayorder, subjectshow, visitedshow, orderbyshow) VALUES(1, 18, 1, 0, 0, 0, 7, 1, 0, 0);
INSERT INTO pre_category_sortvar (sortid, optionid, available, required, unchangeable, search, displayorder, subjectshow, visitedshow, orderbyshow) VALUES(1, 19, 1, 0, 0, 1, 8, 1, 0, 0);
INSERT INTO pre_category_sortvar (sortid, optionid, available, required, unchangeable, search, displayorder, subjectshow, visitedshow, orderbyshow) VALUES(1, 8, 1, 1, 0, 0, 10, 1, 0, 0);
INSERT INTO pre_category_sortvar (sortid, optionid, available, required, unchangeable, search, displayorder, subjectshow, visitedshow, orderbyshow) VALUES(1, 16, 1, 1, 0, 0, 9, 1, 0, 0);
INSERT INTO pre_category_sortvar (sortid, optionid, available, required, unchangeable, search, displayorder, subjectshow, visitedshow, orderbyshow) VALUES(1, 11, 1, 1, 0, 0, 11, 1, 1, 1);
INSERT INTO pre_category_sortvar (sortid, optionid, available, required, unchangeable, search, displayorder, subjectshow, visitedshow, orderbyshow) VALUES(1, 12, 1, 1, 0, 1, 53, 1, 1, 1);
INSERT INTO pre_category_sortvar (sortid, optionid, available, required, unchangeable, search, displayorder, subjectshow, visitedshow, orderbyshow) VALUES(1, 10, 1, 0, 0, 0, 13, 0, 0, 0);
INSERT INTO pre_category_sortvar (sortid, optionid, available, required, unchangeable, search, displayorder, subjectshow, visitedshow, orderbyshow) VALUES(1, 9, 1, 0, 0, 0, 14, 0, 0, 0);
INSERT INTO pre_category_sortvar (sortid, optionid, available, required, unchangeable, search, displayorder, subjectshow, visitedshow, orderbyshow) VALUES(1, 7, 1, 0, 0, 1, 15, 0, 0, 0);
INSERT INTO pre_category_sortvar (sortid, optionid, available, required, unchangeable, search, displayorder, subjectshow, visitedshow, orderbyshow) VALUES(1, 25, 1, 0, 0, 0, 16, 0, 0, 0);
INSERT INTO pre_category_sortvar (sortid, optionid, available, required, unchangeable, search, displayorder, subjectshow, visitedshow, orderbyshow) VALUES(2, 3045, 1, 1, 0, 0, 0, 1, 1, 0);
INSERT INTO pre_category_sortvar (sortid, optionid, available, required, unchangeable, search, displayorder, subjectshow, visitedshow, orderbyshow) VALUES(1, 27, 1, 0, 0, 0, 18, 0, 0, 0);
INSERT INTO pre_category_sortvar (sortid, optionid, available, required, unchangeable, search, displayorder, subjectshow, visitedshow, orderbyshow) VALUES(1, 28, 1, 0, 0, 0, 19, 0, 0, 0);
INSERT INTO pre_category_sortvar (sortid, optionid, available, required, unchangeable, search, displayorder, subjectshow, visitedshow, orderbyshow) VALUES(1, 30, 1, 0, 0, 1, 21, 0, 0, 0);
INSERT INTO pre_category_sortvar (sortid, optionid, available, required, unchangeable, search, displayorder, subjectshow, visitedshow, orderbyshow) VALUES(1, 31, 1, 0, 0, 0, 22, 0, 0, 0);
INSERT INTO pre_category_sortvar (sortid, optionid, available, required, unchangeable, search, displayorder, subjectshow, visitedshow, orderbyshow) VALUES(1, 32, 1, 0, 0, 0, 23, 0, 0, 0);
INSERT INTO pre_category_sortvar (sortid, optionid, available, required, unchangeable, search, displayorder, subjectshow, visitedshow, orderbyshow) VALUES(1, 24, 1, 0, 0, 0, 34, 0, 0, 0);
INSERT INTO pre_category_sortvar (sortid, optionid, available, required, unchangeable, search, displayorder, subjectshow, visitedshow, orderbyshow) VALUES(1, 33, 1, 0, 0, 0, 50, 0, 0, 0);
INSERT INTO pre_category_sortvar (sortid, optionid, available, required, unchangeable, search, displayorder, subjectshow, visitedshow, orderbyshow) VALUES(1, 35, 1, 0, 0, 0, 52, 0, 0, 0);
INSERT INTO pre_category_sortvar (sortid, optionid, available, required, unchangeable, search, displayorder, subjectshow, visitedshow, orderbyshow) VALUES(2, 14, 1, 0, 0, 0, 1, 0, 0, 0);
INSERT INTO pre_category_sortvar (sortid, optionid, available, required, unchangeable, search, displayorder, subjectshow, visitedshow, orderbyshow) VALUES(2, 37, 1, 0, 0, 0, 25, 1, 0, 0);
INSERT INTO pre_category_sortvar (sortid, optionid, available, required, unchangeable, search, displayorder, subjectshow, visitedshow, orderbyshow) VALUES(2, 13, 1, 1, 0, 0, 3, 1, 1, 0);
INSERT INTO pre_category_sortvar (sortid, optionid, available, required, unchangeable, search, displayorder, subjectshow, visitedshow, orderbyshow) VALUES(2, 20, 1, 1, 0, 0, 4, 1, 1, 0);
INSERT INTO pre_category_sortvar (sortid, optionid, available, required, unchangeable, search, displayorder, subjectshow, visitedshow, orderbyshow) VALUES(2, 21, 1, 1, 0, 0, 5, 1, 1, 0);
INSERT INTO pre_category_sortvar (sortid, optionid, available, required, unchangeable, search, displayorder, subjectshow, visitedshow, orderbyshow) VALUES(2, 17, 1, 0, 0, 0, 6, 1, 1, 0);
INSERT INTO pre_category_sortvar (sortid, optionid, available, required, unchangeable, search, displayorder, subjectshow, visitedshow, orderbyshow) VALUES(2, 18, 1, 0, 0, 0, 7, 1, 1, 0);
INSERT INTO pre_category_sortvar (sortid, optionid, available, required, unchangeable, search, displayorder, subjectshow, visitedshow, orderbyshow) VALUES(2, 19, 1, 0, 0, 1, 8, 1, 0, 0);
INSERT INTO pre_category_sortvar (sortid, optionid, available, required, unchangeable, search, displayorder, subjectshow, visitedshow, orderbyshow) VALUES(2, 8, 1, 1, 0, 0, 9, 1, 0, 0);
INSERT INTO pre_category_sortvar (sortid, optionid, available, required, unchangeable, search, displayorder, subjectshow, visitedshow, orderbyshow) VALUES(2, 16, 1, 1, 0, 0, 10, 1, 0, 0);
INSERT INTO pre_category_sortvar (sortid, optionid, available, required, unchangeable, search, displayorder, subjectshow, visitedshow, orderbyshow) VALUES(2, 11, 1, 1, 0, 0, 12, 1, 1, 1);
INSERT INTO pre_category_sortvar (sortid, optionid, available, required, unchangeable, search, displayorder, subjectshow, visitedshow, orderbyshow) VALUES(2, 38, 1, 0, 0, 0, 11, 1, 0, 0);
INSERT INTO pre_category_sortvar (sortid, optionid, available, required, unchangeable, search, displayorder, subjectshow, visitedshow, orderbyshow) VALUES(2, 39, 1, 0, 0, 0, 26, 0, 0, 0);
INSERT INTO pre_category_sortvar (sortid, optionid, available, required, unchangeable, search, displayorder, subjectshow, visitedshow, orderbyshow) VALUES(2, 40, 1, 0, 0, 0, 27, 0, 0, 0);
INSERT INTO pre_category_sortvar (sortid, optionid, available, required, unchangeable, search, displayorder, subjectshow, visitedshow, orderbyshow) VALUES(2, 41, 1, 1, 0, 1, 28, 1, 1, 1);
INSERT INTO pre_category_sortvar (sortid, optionid, available, required, unchangeable, search, displayorder, subjectshow, visitedshow, orderbyshow) VALUES(2, 42, 1, 0, 0, 0, 29, 0, 0, 0);
INSERT INTO pre_category_sortvar (sortid, optionid, available, required, unchangeable, search, displayorder, subjectshow, visitedshow, orderbyshow) VALUES(2, 43, 0, 0, 0, 0, 30, 0, 0, 0);
INSERT INTO pre_category_sortvar (sortid, optionid, available, required, unchangeable, search, displayorder, subjectshow, visitedshow, orderbyshow) VALUES(2, 7, 1, 0, 0, 1, 15, 1, 0, 0);
INSERT INTO pre_category_sortvar (sortid, optionid, available, required, unchangeable, search, displayorder, subjectshow, visitedshow, orderbyshow) VALUES(2, 27, 1, 0, 0, 0, 18, 0, 0, 0);
INSERT INTO pre_category_sortvar (sortid, optionid, available, required, unchangeable, search, displayorder, subjectshow, visitedshow, orderbyshow) VALUES(2, 28, 1, 0, 0, 0, 19, 0, 0, 0);
INSERT INTO pre_category_sortvar (sortid, optionid, available, required, unchangeable, search, displayorder, subjectshow, visitedshow, orderbyshow) VALUES(2, 30, 1, 0, 0, 1, 21, 0, 0, 0);
INSERT INTO pre_category_sortvar (sortid, optionid, available, required, unchangeable, search, displayorder, subjectshow, visitedshow, orderbyshow) VALUES(2, 44, 1, 0, 0, 0, 31, 0, 0, 0);
INSERT INTO pre_category_sortvar (sortid, optionid, available, required, unchangeable, search, displayorder, subjectshow, visitedshow, orderbyshow) VALUES(2, 32, 1, 0, 0, 0, 23, 0, 0, 0);
INSERT INTO pre_category_sortvar (sortid, optionid, available, required, unchangeable, search, displayorder, subjectshow, visitedshow, orderbyshow) VALUES(2, 45, 1, 0, 0, 0, 32, 0, 0, 0);
INSERT INTO pre_category_sortvar (sortid, optionid, available, required, unchangeable, search, displayorder, subjectshow, visitedshow, orderbyshow) VALUES(2, 24, 1, 0, 0, 0, 34, 0, 0, 0);
INSERT INTO pre_category_sortvar (sortid, optionid, available, required, unchangeable, search, displayorder, subjectshow, visitedshow, orderbyshow) VALUES(2, 33, 1, 0, 0, 0, 50, 0, 0, 0);
INSERT INTO pre_category_sortvar (sortid, optionid, available, required, unchangeable, search, displayorder, subjectshow, visitedshow, orderbyshow) VALUES(2, 35, 1, 0, 0, 0, 52, 0, 0, 0);
INSERT INTO pre_category_sortvar (sortid, optionid, available, required, unchangeable, search, displayorder, subjectshow, visitedshow, orderbyshow) VALUES(1, 3045, 1, 1, 0, 1, 0, 1, 1, 0);
INSERT INTO pre_category_sortvar (sortid, optionid, available, required, unchangeable, search, displayorder, subjectshow, visitedshow, orderbyshow) VALUES(1, 23, 1, 0, 0, 0, 54, 0, 0, 0);

INSERT INTO pre_category_area (aid, aup, displayorder, cid, type, title) VALUES(1, 0, 0, 1, 'city', '北京');
INSERT INTO pre_category_area (aid, aup, displayorder, cid, type, title) VALUES(3, 1, 0, 1, 'district', '朝阳');
INSERT INTO pre_category_area (aid, aup, displayorder, cid, type, title) VALUES(4, 1, 0, 1, 'district', '海淀');
INSERT INTO pre_category_area (aid, aup, displayorder, cid, type, title) VALUES(5, 1, 0, 1, 'district', '丰台');
INSERT INTO pre_category_area (aid, aup, displayorder, cid, type, title) VALUES(6, 1, 0, 1, 'district', '东城');
INSERT INTO pre_category_area (aid, aup, displayorder, cid, type, title) VALUES(7, 1, 0, 1, 'district', '西城');
INSERT INTO pre_category_area (aid, aup, displayorder, cid, type, title) VALUES(8, 1, 0, 1, 'district', '崇文');
INSERT INTO pre_category_area (aid, aup, displayorder, cid, type, title) VALUES(9, 1, 0, 1, 'district', '宣武');
INSERT INTO pre_category_area (aid, aup, displayorder, cid, type, title) VALUES(10, 1, 0, 1, 'district', '石景山');
INSERT INTO pre_category_area (aid, aup, displayorder, cid, type, title) VALUES(11, 1, 0, 1, 'district', '昌平');
INSERT INTO pre_category_area (aid, aup, displayorder, cid, type, title) VALUES(12, 1, 0, 1, 'district', '通州');
INSERT INTO pre_category_area (aid, aup, displayorder, cid, type, title) VALUES(13, 1, 0, 1, 'district', '大兴');
INSERT INTO pre_category_area (aid, aup, displayorder, cid, type, title) VALUES(14, 1, 0, 1, 'district', '顺义');
INSERT INTO pre_category_area (aid, aup, displayorder, cid, type, title) VALUES(15, 1, 0, 1, 'district', '怀柔');
INSERT INTO pre_category_area (aid, aup, displayorder, cid, type, title) VALUES(16, 1, 0, 1, 'district', '房山');
INSERT INTO pre_category_area (aid, aup, displayorder, cid, type, title) VALUES(17, 1, 0, 1, 'district', '门头沟');
INSERT INTO pre_category_area (aid, aup, displayorder, cid, type, title) VALUES(18, 1, 0, 1, 'district', '密云');
INSERT INTO pre_category_area (aid, aup, displayorder, cid, type, title) VALUES(19, 1, 0, 1, 'district', '平谷');
INSERT INTO pre_category_area (aid, aup, displayorder, cid, type, title) VALUES(20, 1, 0, 1, 'district', '延庆');
INSERT INTO pre_category_area (aid, aup, displayorder, cid, type, title) VALUES(21, 3, 0, 1, 'street', '国展');
INSERT INTO pre_category_area (aid, aup, displayorder, cid, type, title) VALUES(22, 3, 0, 1, 'street', '三元桥');
INSERT INTO pre_category_area (aid, aup, displayorder, cid, type, title) VALUES(23, 3, 0, 1, 'street', '国贸');
INSERT INTO pre_category_area (aid, aup, displayorder, cid, type, title) VALUES(24, 3, 1, 1, 'street', '望京');
INSERT INTO pre_category_area (aid, aup, displayorder, cid, type, title) VALUES(25, 3, 0, 1, 'street', '团结湖');
INSERT INTO pre_category_area (aid, aup, displayorder, cid, type, title) VALUES(26, 4, 0, 1, 'street', '清河小营');
INSERT INTO pre_category_area (aid, aup, displayorder, cid, type, title) VALUES(27, 4, 0, 1, 'street', '上地');
INSERT INTO pre_category_area (aid, aup, displayorder, cid, type, title) VALUES(28, 4, 0, 1, 'street', '中关村');

INSERT INTO pre_category_house_usergroup (gid, cid, displayorder, title, type, icon, banner, description, allowpost, allowrecommend, allowhighlight, postdayper) VALUES(1, 1, 0, '个人用户', 'personal', '', '', '', 1, 0, 0, 10);

INSERT INTO pre_common_nav (parentid, name, title, url, target, type, available, displayorder) VALUES(0, '房产', 'House', 'house.php', 0, 0, 1, 1);